Year,Observation status,Unit multiplier,SERIES,Reference area,UNIT_MEASURE,GeoCode,Value
2015,Normal value,Units,"Proportion of total government spending on essential services, education [1.a.2]",,Percent,,19.5
2016,Normal value,Units,"Proportion of total government spending on essential services, education [1.a.2]",,Percent,,20.0
2017,Normal value,Units,"Proportion of total government spending on essential services, education [1.a.2]",,Percent,,23.5
2018,Normal value,Units,"Proportion of total government spending on essential services, education [1.a.2]",,Percent,,24.4
2015,Normal value,Units,Proportion of total government spending on health [1.a.2],,Percent,,7.6
2016,Normal value,Units,Proportion of total government spending on health [1.a.2],,Percent,,8.3
2017,Normal value,Units,Proportion of total government spending on health [1.a.2],,Percent,,12.3
2018,Normal value,Units,Proportion of total government spending on health [1.a.2],,Percent,,8.7
