Year,Observation status,Unit multiplier,SERIES,Reference area,UNIT_MEASURE,GeoCode,Value
2013,Normal value,Units,Corruption Perception Index score,,Index,,46
2014,Normal value,Units,Corruption Perception Index score,,Index,,48
2015,Normal value,Units,Corruption Perception Index score,,Index,,47
2016,Normal value,Units,Corruption Perception Index score,,Index,,43
2017,Normal value,Units,Corruption Perception Index score,,Index,,40
2018,Normal value,Units,Corruption Perception Index score,,Index,,41
2019,Normal value,Units,Corruption Perception Index score,,Index,,41
