Year,SDG Series,Degree of urbanisation,Unit of measure,Value
2019,Households access to fixed internet service,,Percentage (%),16.8
2019,Households access to fixed internet service,Urban,Percentage (%),20.0
2019,Households access to fixed internet service,Rural,Percentage (%),12.8
2016,Fixed broadband subscriptions per 100 inhabitants [17.6.1],,Per 100 population,0.31
2018,Fixed broadband subscriptions per 100 inhabitants [17.6.1],,Per 100 population,0.2
2019,Fixed broadband subscriptions per 100 inhabitants [17.6.1],,Per 100 population,0.19
2020,Fixed broadband subscriptions per 100 inhabitants [17.6.1],,Per 100 population,0.25
