Year,SERIES,Degree of urbanisation,Value
2017,Prevalence of moderate or severe food insecurity in the population [2.1.2],,0.495
2017,Prevalence of moderate or severe food insecurity in the population [2.1.2],Urban,0.63
2017,Prevalence of moderate or severe food insecurity in the population [2.1.2],Rural,0.363
2017,Prevalence of severe food insecurity in the population [2.1.2],,0.078
2017,Prevalence of severe food insecurity in the population [2.1.2],Urban,0.114
2017,Prevalence of severe food insecurity in the population [2.1.2],Rural,0.043
