Year,Observation status,Unit multiplier,SERIES,Reference area,UNIT_MEASURE,GeoCode,Value
2011,Normal value,Units,Proportion of children moderately or severely overweight [2.2.2],,Percent,,2.6
2014,Normal value,Units,Proportion of children moderately or severely overweight [2.2.2],,Percent,,2.6
2017,Normal value,Units,Proportion of children moderately or severely overweight [2.2.2],,Percent,,1.4
2011,Normal value,Units,Proportion of children moderately or severely wasted [2.2.2],,Percent,,6.2
2014,Normal value,Units,Proportion of children moderately or severely wasted [2.2.2],,Percent,,4.7
2017,Normal value,Units,Proportion of children moderately or severely wasted [2.2.2],,Percent,,6.8
2011,Normal value,Units,Proportion of children underweight,,Percent,,13.4
2014,Normal value,Units,Proportion of children underweight,,Percent,,11.0
2017,Normal value,Units,Proportion of children underweight,,Percent,,12.6
