Year,Observation status,Unit multiplier,Nature of data points,Frequency of observation,Reporting type,SERIES,Reference area,Sex,Degree of urbanisation,UNIT_MEASURE,Observation-level footnotes,Value
2011,Normal value,Units,Not Available,Annual,National,Proportion of children moderately or severely stunted [2.2.1],,,,Percent,,22.7
2011,Normal value,Units,Not Available,Annual,National,Proportion of children moderately or severely stunted [2.2.1],,,Urban,Percent,,18.1
2011,Normal value,Units,Not Available,Annual,National,Proportion of children moderately or severely stunted [2.2.1],,,Rural,Percent,,2.6
2011,Normal value,Units,Not Available,Annual,National,Proportion of children moderately or severely stunted [2.2.1],,Male,,Percent,,25.3
2011,Normal value,Units,Not Available,Annual,National,Proportion of children moderately or severely stunted [2.2.1],,Female,,Percent,,20.3
2014,Normal value,Units,Not Available,Annual,National,Proportion of children moderately or severely stunted [2.2.1],,,,Percent,,18.8
2014,Normal value,Units,Not Available,Annual,National,Proportion of children moderately or severely stunted [2.2.1],,,Urban,Percent,,14.8
2014,Normal value,Units,Not Available,Annual,National,Proportion of children moderately or severely stunted [2.2.1],,,Rural,Percent,,22.1
2014,Normal value,Units,Not Available,Annual,National,Proportion of children moderately or severely stunted [2.2.1],,Male,,Percent,,20.4
2014,Normal value,Units,Not Available,Annual,National,Proportion of children moderately or severely stunted [2.2.1],,Female,,Percent,,17.0
2017,Normal value,Units,Not Available,Annual,National,Proportion of children moderately or severely stunted [2.2.1],,,,Percent,,17.5
2017,Normal value,Units,Not Available,Annual,National,Proportion of children moderately or severely stunted [2.2.1],,,Urban,Percent,,13.0
2017,Normal value,Units,Not Available,Annual,National,Proportion of children moderately or severely stunted [2.2.1],,,Rural,Percent,,20.3
2017,Normal value,Units,Not Available,Annual,National,Proportion of children moderately or severely stunted [2.2.1],,Male,,Percent,,19.5
2017,Normal value,Units,Not Available,Annual,National,Proportion of children moderately or severely stunted [2.2.1],,Female,,Percent,,15.6
2025,Normal value,Units,Not Available,Annual,National,Proportion of children moderately or severely stunted [2.2.1],,,,Percent,projection,10.1
2025,Normal value,Units,Not Available,Annual,National,Proportion of children moderately or severely stunted [2.2.1],,,Urban,Percent,projection,7.9
2025,Normal value,Units,Not Available,Annual,National,Proportion of children moderately or severely stunted [2.2.1],,,Rural,Percent,projection,11.9
2025,Normal value,Units,Not Available,Annual,National,Proportion of children moderately or severely stunted [2.2.1],,Male,,Percent,projection,11.1
2025,Normal value,Units,Not Available,Annual,National,Proportion of children moderately or severely stunted [2.2.1],,Female,,Percent,projection,9.0
