Year,SERIES,Reference area,GeoCode,Value
1990,2.Survey-based Maternal mortality ratio [3.1.1],,,760.0
2007,2.Survey-based Maternal mortality ratio [3.1.1],,,580.0
2017,2.Survey-based Maternal mortality ratio [3.1.1],,,310.0
2010,3.Census-based Maternal mortality ratio [3.1.1],,,485.0
2021,3.Census-based Maternal mortality ratio [3.1.1],,,301.0
2007,1.Institutional maternal mortality ratio,,,224.0
2008,1.Institutional maternal mortality ratio,,,200.0
2009,1.Institutional maternal mortality ratio,,,170.0
2010,1.Institutional maternal mortality ratio,,,163.0
2011,1.Institutional maternal mortality ratio,,,195.0
2012,1.Institutional maternal mortality ratio,,,152.0
2013,1.Institutional maternal mortality ratio,,,155.0
2014,1.Institutional maternal mortality ratio,,,144.0
2015,1.Institutional maternal mortality ratio,,,142.0
2016,1.Institutional maternal mortality ratio,,,151.0
2017,1.Institutional maternal mortality ratio,,,147.0
2018,1.Institutional maternal mortality ratio,,,128.6
2019,1.Institutional maternal mortality ratio,,,117.6
2020,1.Institutional maternal mortality ratio,,,109.2
2021,1.Institutional maternal mortality ratio,,,96.8
2008,1.Institutional maternal mortality ratio,Ashanti,06_o,253.0
2009,1.Institutional maternal mortality ratio,Ashanti,06_o,215.0
2010,1.Institutional maternal mortality ratio,Ashanti,06_o,150.0
2011,1.Institutional maternal mortality ratio,Ashanti,06_o,232.0
2012,1.Institutional maternal mortality ratio,Ashanti,06_o,77.0
2013,1.Institutional maternal mortality ratio,Ashanti,06_o,125.0
2014,1.Institutional maternal mortality ratio,Ashanti,06_o,115.0
2015,1.Institutional maternal mortality ratio,Ashanti,06_o,136.0
2008,1.Institutional maternal mortality ratio,Brong Ahafo,07_o,185.0
2009,1.Institutional maternal mortality ratio,Brong Ahafo,07_o,194.0
2010,1.Institutional maternal mortality ratio,Brong Ahafo,07_o,139.0
2011,1.Institutional maternal mortality ratio,Brong Ahafo,07_o,208.0
2012,1.Institutional maternal mortality ratio,Brong Ahafo,07_o,167.0
2013,1.Institutional maternal mortality ratio,Brong Ahafo,07_o,139.0
2014,1.Institutional maternal mortality ratio,Brong Ahafo,07_o,135.0
2015,1.Institutional maternal mortality ratio,Brong Ahafo,07_o,131.0
2008,1.Institutional maternal mortality ratio,Central,02_o,223.0
2009,1.Institutional maternal mortality ratio,Central,02_o,129.0
2010,1.Institutional maternal mortality ratio,Central,02_o,149.0
2011,1.Institutional maternal mortality ratio,Central,02_o,141.0
2012,1.Institutional maternal mortality ratio,Central,02_o,113.0
2013,1.Institutional maternal mortality ratio,Central,02_o,122.0
2014,1.Institutional maternal mortality ratio,Central,02_o,105.0
2015,1.Institutional maternal mortality ratio,Central,02_o,108.0
2008,1.Institutional maternal mortality ratio,Eastern,05_o,171.0
2009,1.Institutional maternal mortality ratio,Eastern,05_o,136.0
2010,1.Institutional maternal mortality ratio,Eastern,05_o,192.0
2011,1.Institutional maternal mortality ratio,Eastern,05_o,207.0
2012,1.Institutional maternal mortality ratio,Eastern,05_o,179.0
2013,1.Institutional maternal mortality ratio,Eastern,05_o,200.0
2014,1.Institutional maternal mortality ratio,Eastern,05_o,176.0
2015,1.Institutional maternal mortality ratio,Eastern,05_o,176.0
2008,1.Institutional maternal mortality ratio,Greater Accra,03_o,194.0
2009,1.Institutional maternal mortality ratio,Greater Accra,03_o,197.0
2010,1.Institutional maternal mortality ratio,Greater Accra,03_o,182.0
2011,1.Institutional maternal mortality ratio,Greater Accra,03_o,256.0
2012,1.Institutional maternal mortality ratio,Greater Accra,03_o,201.0
2013,1.Institutional maternal mortality ratio,Greater Accra,03_o,197.0
2014,1.Institutional maternal mortality ratio,Greater Accra,03_o,185.0
2015,1.Institutional maternal mortality ratio,Greater Accra,03_o,177.0
2008,1.Institutional maternal mortality ratio,Northern,08_o,176.0
2009,1.Institutional maternal mortality ratio,Northern,08_o,147.0
2010,1.Institutional maternal mortality ratio,Northern,08_o,137.0
2011,1.Institutional maternal mortality ratio,Northern,08_o,165.0
2012,1.Institutional maternal mortality ratio,Northern,08_o,212.0
2013,1.Institutional maternal mortality ratio,Northern,08_o,174.0
2014,1.Institutional maternal mortality ratio,Northern,08_o,108.0
2015,1.Institutional maternal mortality ratio,Northern,08_o,144.0
2008,1.Institutional maternal mortality ratio,Upper East,09_o,152.0
2009,1.Institutional maternal mortality ratio,Upper East,09_o,131.0
2010,1.Institutional maternal mortality ratio,Upper East,09_o,138.0
2011,1.Institutional maternal mortality ratio,Upper East,09_o,120.0
2012,1.Institutional maternal mortality ratio,Upper East,09_o,136.0
2013,1.Institutional maternal mortality ratio,Upper East,09_o,108.0
2014,1.Institutional maternal mortality ratio,Upper East,09_o,139.0
2015,1.Institutional maternal mortality ratio,Upper East,09_o,89.7
2008,1.Institutional maternal mortality ratio,Upper West,10_o,121.0
2009,1.Institutional maternal mortality ratio,Upper West,10_o,267.0
2010,1.Institutional maternal mortality ratio,Upper West,10_o,158.0
2011,1.Institutional maternal mortality ratio,Upper West,10_o,202.0
2012,1.Institutional maternal mortality ratio,Upper West,10_o,146.0
2013,1.Institutional maternal mortality ratio,Upper West,10_o,193.0
2014,1.Institutional maternal mortality ratio,Upper West,10_o,161.0
2015,1.Institutional maternal mortality ratio,Upper West,10_o,156.0
2008,1.Institutional maternal mortality ratio,Volta,04_o,145.0
2009,1.Institutional maternal mortality ratio,Volta,04_o,146.0
2010,1.Institutional maternal mortality ratio,Volta,04_o,210.0
2011,1.Institutional maternal mortality ratio,Volta,04_o,201.0
2012,1.Institutional maternal mortality ratio,Volta,04_o,175.0
2013,1.Institutional maternal mortality ratio,Volta,04_o,161.0
2014,1.Institutional maternal mortality ratio,Volta,04_o,179.0
2015,1.Institutional maternal mortality ratio,Volta,04_o,134.0
2008,1.Institutional maternal mortality ratio,Western,01_o,270.0
2009,1.Institutional maternal mortality ratio,Western,01_o,148.0
2010,1.Institutional maternal mortality ratio,Western,01_o,176.0
2011,1.Institutional maternal mortality ratio,Western,01_o,114.0
2012,1.Institutional maternal mortality ratio,Western,01_o,132.0
2013,1.Institutional maternal mortality ratio,Western,01_o,153.0
2014,1.Institutional maternal mortality ratio,Western,01_o,150.0
2015,1.Institutional maternal mortality ratio,Western,01_o,125.0
