Year,Observation status,Unit multiplier,SERIES,Reference area,UNIT_MEASURE,GeoCode,Value
2015,Normal value,Units,"Malaria incidence per 1,000 population at risk [3.3.3]",,"Per 1,000 population",,214.0
2016,Normal value,Units,"Malaria incidence per 1,000 population at risk [3.3.3]",,"Per 1,000 population",,160.0
2017,Normal value,Units,"Malaria incidence per 1,000 population at risk [3.3.3]",,"Per 1,000 population",,170.59
2018,Normal value,Units,"Malaria incidence per 1,000 population at risk [3.3.3]",,"Per 1,000 population",,185.4
