Year,SDG Series,Unit of measure,Value
2016,"Rate of new HIV infections per 1,000 uninfected population [3.3.1]","Per 1,000 uninfected population",0.71
2017,"Rate of new HIV infections per 1,000 uninfected population [3.3.1]","Per 1,000 uninfected population",0.69
2018,"Rate of new HIV infections per 1,000 uninfected population [3.3.1]","Per 1,000 uninfected population",0.69
2019,"Rate of new HIV infections per 1,000 uninfected population [3.3.1]","Per 1,000 uninfected population",0.66
2020,"Rate of new HIV infections per 1,000 uninfected population [3.3.1]","Per 1,000 uninfected population",0.57
2016,Number of new HIV infections [3.3.1],Number,20323.0
2017,Number of new HIV infections [3.3.1],Number,20184.0
2018,Number of new HIV infections [3.3.1],Number,20393.0
2019,Number of new HIV infections [3.3.1],Number,20068.0
2020,Number of new HIV infections [3.3.1],Number,17581.0
