Year,Observation status,Unit multiplier,SERIES,Reference area,UNIT_MEASURE,GeoCode,Value
2012,Normal value,Units,Death rate due to road traffic injuries [3.6.1],,"Per 100,000 live births",,10.54
2013,Normal value,Units,Death rate due to road traffic injuries [3.6.1],,"Per 100,000 live births",,11.24
2014,Normal value,Units,Death rate due to road traffic injuries [3.6.1],,"Per 100,000 live births",,8.08
2015,Normal value,Units,Death rate due to road traffic injuries [3.6.1],,"Per 100,000 live births",,7.62
2016,Normal value,Units,Death rate due to road traffic injuries [3.6.1],,"Per 100,000 live births",,4.41
2017,Normal value,Units,Death rate due to road traffic injuries [3.6.1],,"Per 100,000 live births",,7.19
2018,Normal value,Units,Death rate due to road traffic injuries [3.6.1],,"Per 100,000 live births",,7.95
