Year,Observation status,Unit multiplier,SERIES,Reference area,UNIT_MEASURE,GeoCode,Value
1999,Normal value,Units,Proportion of population with access to electricity [7.1.1],,Percent,,41.0
2006,Normal value,Units,Proportion of population with access to electricity [7.1.1],,Percent,,49.2
2013,Normal value,Units,Proportion of population with access to electricity [7.1.1],,Percent,,70.6
2018,Normal value,Units,Proportion of population with access to electricity [7.1.1],,Percent,,81.1
2019,Normal value,Units,Proportion of population with access to electricity [7.1.1],,Percent,,70.6
