Year,Observation status,Unit multiplier,SERIES,Reference area,UNIT_MEASURE,GeoCode,Value
2016,Normal value,Units,Annual growth rate of real GDP per capita [8.1.1],,Percent,,1.1
2017,Normal value,Units,Annual growth rate of real GDP per capita [8.1.1],,Percent,,5.7
2018,Normal value,Units,Annual growth rate of real GDP per capita [8.1.1],,Percent,,3.9
2019,Normal value,Units,Annual growth rate of real GDP per capita [8.1.1],,Percent,,4.1
2020,Normal value,Units,Annual growth rate of real GDP per capita [8.1.1],,Percent,,-1.3
