Year,Observation status,Unit multiplier,SERIES,Reference area,COMPOSITE_BREAKDOWN,UNIT_MEASURE,GeoCode,Value
2016,Normal value,Units,Freight volume (tonne kilometres) [9.1.2],,Mode of Transport: Air,Metric Tons,,47677.0
2017,Normal value,Units,Freight volume (tonne kilometres) [9.1.2],,Mode of Transport: Air,Metric Tons,,50360.0
2018,Normal value,Units,Freight volume (tonne kilometres) [9.1.2],,Mode of Transport: Air,Metric Tons,,52390.0
2019,Normal value,Units,Freight volume (tonne kilometres) [9.1.2],,Mode of Transport: Air,Metric Tons,,49846.0
2016,Normal value,Units,Passenger volume (passenger kilometres) [9.1.2],,Mode of Transport: Rail,Number,,586650.0
2017,Normal value,Units,Passenger volume (passenger kilometres) [9.1.2],,Mode of Transport: Rail,Number,,9138000.0
2018,Normal value,Units,Passenger volume (passenger kilometres) [9.1.2],,Mode of Transport: Rail,Number,,630000.0
2019,Normal value,Units,Passenger volume (passenger kilometres) [9.1.2],,Mode of Transport: Rail,Number,,1940000.0
2016,Normal value,Units,Freight volume (tonne kilometres) [9.1.2],,Mode of Transport: Rail,Metric Tons,,399.82
2017,Normal value,Units,Freight volume (tonne kilometres) [9.1.2],,Mode of Transport: Rail,Metric Tons,,40441.0
2018,Normal value,Units,Freight volume (tonne kilometres) [9.1.2],,Mode of Transport: Rail,Metric Tons,,44620.0
2019,Normal value,Units,Freight volume (tonne kilometres) [9.1.2],,Mode of Transport: Rail,Metric Tons,,35660.0
2016,Normal value,Units,Container port traffic (twenty-foot equivalent units - TEUs) [9.1.2],,Mode of Transport: Maritime,Metric Tons,,942000.0
2017,Normal value,Units,Container port traffic (twenty-foot equivalent units - TEUs) [9.1.2],,Mode of Transport: Maritime,Metric Tons,,1009755.0
2018,Normal value,Units,Container port traffic (twenty-foot equivalent units - TEUs) [9.1.2],,Mode of Transport: Maritime,Metric Tons,,1056785.0
2019,Normal value,Units,Container port traffic (twenty-foot equivalent units - TEUs) [9.1.2],,Mode of Transport: Maritime,Metric Tons,,1048377.0
2016,Normal value,Units,Freight volume (tonne kilometres) [9.1.2],,Mode of Transport: Maritime,Metric Tons,,19000000.0
2017,Normal value,Units,Freight volume (tonne kilometres) [9.1.2],,Mode of Transport: Maritime,Metric Tons,,22100000.0
2018,Normal value,Units,Freight volume (tonne kilometres) [9.1.2],,Mode of Transport: Maritime,Metric Tons,,25500000.0
2019,Normal value,Units,Freight volume (tonne kilometres) [9.1.2],,Mode of Transport: Maritime,Metric Tons,,28000000.0
2016,Normal value,Units,Passenger volume (passenger kilometres) [9.1.2],,Mode of transport: Inland waterway transport,Number,,492798.0
2017,Normal value,Units,Passenger volume (passenger kilometres) [9.1.2],,Mode of transport: Inland waterway transport,Number,,798370.0
2018,Normal value,Units,Passenger volume (passenger kilometres) [9.1.2],,Mode of transport: Inland waterway transport,Number,,846892.0
2019,Normal value,Units,Passenger volume (passenger kilometres) [9.1.2],,Mode of transport: Inland waterway transport,Number,,889225.0
2016,Normal value,Units,Freight volume (tonne kilometres) [9.1.2],,Mode of transport: Inland waterway transport,Metric Tons,,63000.0
2017,Normal value,Units,Freight volume (tonne kilometres) [9.1.2],,Mode of transport: Inland waterway transport,Metric Tons,,92000.0
2018,Normal value,Units,Freight volume (tonne kilometres) [9.1.2],,Mode of transport: Inland waterway transport,Metric Tons,,147000.0
2019,Normal value,Units,Freight volume (tonne kilometres) [9.1.2],,Mode of transport: Inland waterway transport,Metric Tons,,96000.0
