Year,SDG Series,Unit of measure,Value
2020-06,Children likely to go back to school after mobility restrictions are lifted - Primary/JHS,Percent,96.0
2020-06,Children likely to go back to school after mobility restrictions are lifted - Senior Secondary,Percent,98.0
2020-06,Children engaged in any type of learning activity - Primary/JHS,Percent,62.2
2020-06,Children engaged in any type of learning activity - Secondary,Percent,72.0
2020-09,Children likely to go back to school after mobility restrictions are lifted - Primary/JHS,Percent,97.1
2020-09,Children likely to go back to school after mobility restrictions are lifted - Senior Secondary,Percent,98.6
2020-09,Children engaged in any type of learning activity - Primary/JHS,Percent,71.3
2020-09,Children engaged in any type of learning activity - Secondary,Percent,79.8
