Year,series,units,Value
2020-06,Proportion of households that reported reduced income,Percent,77.4
2020-06,Proportion of households that reported reduced income from their non-farm businesses,Percent,83.0
2020-09,Proportion of households that reported reduced income,Percent,65.9
2020-09,Proportion of households that reported reduced income from their non-farm businesses,Percent,70.8
2020-12,Proportion of households that reported reduced income,Percent,68.2
2020-12,Proportion of households that reported reduced income from their non-farm businesses,Percent,77.3
