Year,OBS_STATUS,UNIT_MULT,SERIES,REF_AREA,PRODUCT,UNIT_MEASURE,GeoCode,Value
2020,A,0,_L_GH_140401_01,,_L_GH_ROUSAR,CM,,17.7
2020,A,0,_L_GH_140401_01,,_L_GH_FLATSAR,CM,,16.2
2020,A,0,_L_GH_140401_01,,_L_GH_CHUBMACK,CM,,20.2
2020,A,0,_L_GH_140401_01,,_L_GH_EUROANC,CM,,9.1
2020,A,0,_L_GH_140401_01,,_L_GH_BURRITTO,CM,,13.4
2020,A,0,_L_GH_140401_01,,_L_GH_REDPAN,CM,,16.2
2020,A,0,_L_GH_140401_01,,_L_GH_CASFISH,CM,,21.7
2020,A,0,_L_GH_140401_01,,_L_GH_REDMUL,CM,,17.5
2020,A,0,_L_GH_140401_01,,_L_GH_ANGDEN,CM,,20.3
