Year,OBS_STATUS,UNIT_MULT,SERIES,REF_AREA,URBANISATION,COMPOSITE_BREAKDOWN,UNIT_MEASURE,GeoCode,Value
2017,A,0,SH_STA_BRTC,,U,,PT,,11
2017,A,0,SH_STA_BRTC,,R,,PT,,29
2017,A,0,SH_STA_BRTC,08_o,U,,PT,08_o,18
2017,A,0,SH_STA_BRTC,08_o,R,,PT,08_o,49
2017,A,0,SH_STA_BRTC,04_o,U,,PT,04_o,22
2017,A,0,SH_STA_BRTC,04_o,R,,PT,04_o,45
2017,A,0,SH_STA_BRTC,05_o,U,,PT,05_o,9
2017,A,0,SH_STA_BRTC,05_o,R,,PT,05_o,32
2017,A,0,SH_STA_BRTC,02_o,U,,PT,02_o,16
2017,A,0,SH_STA_BRTC,02_o,R,,PT,02_o,31
2017,A,0,SH_STA_BRTC,01_o,U,,PT,01_o,11
2017,A,0,SH_STA_BRTC,01_o,R,,PT,01_o,30
2017,A,0,SH_STA_BRTC,07_o,U,,PT,07_o,9
2017,A,0,SH_STA_BRTC,07_o,R,,PT,07_o,28
2017,A,0,SH_STA_BRTC,06_o,U,,PT,06_o,6
2017,A,0,SH_STA_BRTC,06_o,R,,PT,06_o,27
2017,A,0,SH_STA_BRTC,10_o,U,,PT,10_o,6
2017,A,0,SH_STA_BRTC,10_o,R,,PT,10_o,22
2017,A,0,SH_STA_BRTC,03_o,U,,PT,03_o,8
2017,A,0,SH_STA_BRTC,03_o,R,,PT,03_o,14
2017,A,0,SH_STA_BRTC,09_o,U,,PT,09_o,4
2017,A,0,SH_STA_BRTC,09_o,R,,PT,09_o,10
2017,A,0,_L_GH_030102_01,,U,,PT,,11
2017,A,0,_L_GH_030102_01,08_o,U,,PT,08_o,18
2017,A,0,_L_GH_030102_01,04_o,U,,PT,04_o,22
2017,A,0,_L_GH_030102_01,05_o,U,,PT,05_o,9
2017,A,0,_L_GH_030102_01,02_o,U,,PT,02_o,16
2017,A,0,_L_GH_030102_01,01_o,U,,PT,01_o,11
2017,A,0,_L_GH_030102_01,07_o,U,,PT,07_o,9
2017,A,0,_L_GH_030102_01,06_o,U,,PT,06_o,6
2017,A,0,_L_GH_030102_01,10_o,U,,PT,10_o,6
2017,A,0,_L_GH_030102_01,03_o,U,,PT,03_o,8
2017,A,0,_L_GH_030102_01,09_o,U,,PT,09_o,4
2017,A,0,_L_GH_030102_01,,R,,PT,,29
2017,A,0,_L_GH_030102_01,08_o,R,,PT,08_o,49
2017,A,0,_L_GH_030102_01,04_o,R,,PT,04_o,45
2017,A,0,_L_GH_030102_01,05_o,R,,PT,05_o,32
2017,A,0,_L_GH_030102_01,02_o,R,,PT,02_o,31
2017,A,0,_L_GH_030102_01,01_o,R,,PT,01_o,30
2017,A,0,_L_GH_030102_01,07_o,R,,PT,07_o,28
2017,A,0,_L_GH_030102_01,06_o,R,,PT,06_o,27
2017,A,0,_L_GH_030102_01,10_o,R,,PT,10_o,22
2017,A,0,_L_GH_030102_01,03_o,R,,PT,03_o,14
2017,A,0,_L_GH_030102_01,09_o,R,,PT,09_o,10
2017,A,0,_L_GH_030102_02,,,_L_GH_SKILLED_CARE,PT,,91
2017,A,0,_L_GH_030102_02,,,_L_GH_UNSKILLED_CARE,PT,,2
2017,A,0,_L_GH_030102_02,,,_L_GH_NO_CARE,PT,,7
2017,A,0,_L_GH_030102_03,,,_L_GH_SKILLED_CARE,PT,,54
2017,A,0,_L_GH_030102_03,,,_L_GH_UNSKILLED_CARE,PT,,21
2017,A,0,_L_GH_030102_03,,,_L_GH_NO_CARE,PT,,25
